mention_id,source,predicted,confidence,aspect,true_label,text,
97ad1c7c43060b1d,news,NEGATIVE,0.983,overall,NEUTRAL,"Peacock is adding an AI Andy Cohen to narrate an endless stream of Bravo clips When you open your Peacock mobile app this summer, you might see the AI likeness of TV host Andy Cohen pop up on your homepage. In an announcement on Friday, NBCUniversal said Cohen's avatar will serve as a guide through Peacock's ""infinitely swipeable"" feed ul li li li li li li ul Youll find Cohens AI likeness in a new Bravoverse feed thats tailored to your favorite shows. Youll find Cohens AI likeness in a new Bravoverse feed thats tailo",
1b226e7b7442fdcc,news,NEGATIVE,0.978,overall,NEUTRAL,"More Than a Quarter of HBO Max Subscribers in the U.S. Already Have Paramount Let's do the math. Paramount Skydance chief David Ellison on Monday boasted that once his company also owns Warner Bros. Discovery, the media giant will have a bit more than 200 million direct-to-consumer subscribers.",
b9787f157052337d,news,NEGATIVE,0.997,overall,POSITIVE,"How to Set Up Your Own NAS Server for Backups and Content Streaming A home network-attached storage (NAS) server is ideal for backups, content streaming, and more. It could even save you money in the long run. Ive been toying with the idea of setting up my own network-attached storage (NAS) server for a long while, but I figured it would be a hassle. Lured by the idea of automatic backups and centralized c",
8dc0cad6ef48e28c,news,NEGATIVE,1.0,overall,NEGATIVE,"87 Million Devices Permanently Lost Access to Netflix Today If you click 'Accept all', we and our partners, including 246 who are part of the IAB Transparency Consent Framework, will also store and or access information on a device (in other words, us",
f08e0d0faae6fcb6,news,NEGATIVE,0.992,overall,NEUTRAL,"Meghan Markle As Ever brand leaves Netflix with 10M in products: Report If you click 'Accept all', we and our partners, including 247 who are part of the IAB Transparency Consent Framework, will also store and or access information on a device (in other words, us",
de327a5113a69fc7,news,NEGATIVE,0.996,overall,NEUTRAL,"The Tales from 85 Trailer Wants You Back in Stranger Things Already Netflix is sending us all back to Hawkins again starting April 23. Stranger Things came to an end, for good or ill, at the start of this year. But chop chop, Netflix needs butts in seats streaming, and KPop Demon Hunters 2 is probably not hitting this side of the de",
c6e0bbd711c05347,news,NEGATIVE,0.99,overall,POSITIVE,"All the New Movies Streaming on Netflix in March 2026 Get ready for new movies like Peaky Blinders: The Immortal Man, War Machine, BTS: The Return and more arriving this month. We're going back to Birmingham this March onNetflixwith the arrival of Peaky Blinders: The Immortal Man. That film, a follow-up to the six-season series, is one of several big titles dropping on Ne",
137f3b49ff90c1f9,news,NEGATIVE,0.972,overall,POSITIVE,"Apple Adds 'Genius Browse' Movie and TV Recommendations to Apple TV in tvOS 26.4 tvOS 26.4 includes a new Genius Browse section in the Apple TV app, which gives recommendations for TV shows and movies across multiple suggested categories. Suggestions vary based on your content preferences, and the categories are updated regularly. So tvOS 26.4 includes a new Genius Browse section in the Apple TV app, which gives recommendations for TV shows and movies across multiple suggested categories. Suggestions vary based on your content p",
6f9f8fc58c14602f,news,NEUTRAL,0.593,overall,NEUTRAL,"The Producers of Cowboy Bebop Are Trying Not to Disappoint Shinichiro Watanabe Again 'Samurai Champloo' is getting a live-action adaptation from the team behind 'One Piece' and 'Cowboy Bebop,' with more Watanabe input this time around. With the second season of the live-action One Piece newly arrived on Netflix, the team behind that successful series, Tomorrow Studios, has its next anime adaptation in mind. However, since Tomorrow",
7db7aaa402aaf4be,news,NEUTRAL,0.621,overall,NEGATIVE,"Netflix is raising prices again, and stream-flation shows no signs of slowing Netflix just raised prices for the second time in a little over a year. Price hikes may be helping free streamers like YouTube gain steam. Netflix is fully aboard the stream-flation bandwagon. The streaming giant just raised prices for its three plans, a little over a year after it last asked subscribers to pay more. Netflix's standar",
60b76f8bc36e9c24,news,NEUTRAL,0.58,overall,NEGATIVE,"Netflix Price Hike Reveals Streamings Next Phase: Pushing Consumers Away From Ad-Free Options If you click 'Accept all', we and our partners, including 251 who are part of the IAB Transparency Consent Framework, will also store and or access information on a device (in other words, us",
c12bd104ac2307c0,news,POSITIVE,0.875,ux,POSITIVE,"This game-changing Galaxy S26 feature just transformed my Netflix binge sessions Samsung's Audio Eraser has been upgraded to support third-party apps, lowering background noise and ensuring voices are clear. The Galaxy S26 series is landing in consumers' hands, and while we continue to test the devices here at Android Central, we find ourselves impressed with many of its features. Some of them are more w",
8f64d2ef642e69da,news,POSITIVE,0.993,overall,NEUTRAL,"I'm the CEO of Klaviyo. I run on a 'creator-type' schedule and love Diet Coke and country music. Andrew Bialecki, the CEO of Klaviyo, walks his kids to school every morning and then heads to the office. He doesn't watch Netflix but loves sports. This as-told-to essay is based on a conversation with Andrew Bialecki, the 40-year-old CEO of Klaviyo, based in Boston. It's been edited for length and clarity. I got a BA in physics, astronomy, and",
5fcf851fcfdd39c1,news,POSITIVE,0.99,overall,NEUTRAL,"David Ellison Says Combining Paramount And HBO Max Will Create Viable Rival To Netflix If you click 'Accept all', we and our partners, including 246 who are part of the IAB Transparency Consent Framework, will also store and or access information on a device (in other words, us",
f58659f93e5e4f35,news,POSITIVE,0.762,overall,NEGATIVE,"Paramounts Takeover of Warner Bros Is Turning Into an International Crisis Going to war with Iran has suddenly brought China back into the mix on the sale. Donald Trumps war on Iran may have some unexpected collateral, starting with Paramounts pending deal to purchase Warner Bros. Discovery. The proposed 111 billion takeover agreement included a sign",
c12bd104ac2307c0,news,POSITIVE,0.882,ux,POSITIVE,"This game-changing Galaxy S26 feature just transformed my Netflix binge sessions Samsung's Audio Eraser has been upgraded to support third-party apps, lowering background noise and ensuring voices are clear. The Galaxy S26 series is landing in consumers' hands, and while we continue to test the devices here at Android Central, we find ourselves impressed with many of its features. Some of them are more w",
fa678d3e38306693,news,POSITIVE,0.987,overall,POSITIVE,"'Bridgerton' season 5 is officially in production here's everything we know Francesca Bridgerton and Michaela Stirling are the stars of ""Bridgerton"" season 5 in the show's first sapphic relationship and main queer love story. Masali Baduza and Hannah Dodd are the next leads of ""Bridgerton.""Zoe McConnell NETFLIX ul li Season five of ""Bridgerton"" is officially in production. li li Netflix announced that the next season",
cffe9d14b7a54e41,news,POSITIVE,0.997,overall,POSITIVE,"If you want a great binge, start with these finished Netflix shows These 10 Netflix TV shows will delight you from start to finish. Netflix is one of the oldest streaming services in the game, and despite rising costs, it still gives people a ton for their money. With so many original shows available to watch, it can be hard to c",
c527399670d06d07,news,POSITIVE,0.92,overall,POSITIVE,"6G Is Coming. Heres What to Expect From the Next Generation of Cellular Tech When it succeeds 5G in 2030, the next-gen mobile network will focus on upload speeds, AI, and radar-like sensing of vehicles, devices, and people. 5G came with many promises. Remote surgery, where surgeons operate thousands of miles away from patients driverless cars talking to each other and autonomously navigating highways new killer apps t",
mock_reddit_0310,reddit,NEGATIVE,0.994,ux,NEGATIVE,Netflix subtitles are often wrong or poorly timed on international content,
mock_reddit_0241,reddit,NEGATIVE,0.93,ux,NEGATIVE,The Netflix UI redesign makes it so much harder to find what I want to watch,
mock_reddit_0321,reddit,NEGATIVE,0.918,quality,NEGATIVE,Netflix 4K streaming quality has degraded noticeably on my TV lately,
mock_reddit_0220,reddit,NEGATIVE,0.993,support,NEGATIVE,"Netflix customer support took 4 days to respond to a billing issue, very frustrating",
mock_reddit_0091,reddit,NEGATIVE,0.935,overall,NEUTRAL,Netflix is the only streaming service I cannot bring myself to cancel,
mock_reddit_0158,reddit,NEGATIVE,0.991,overall,NEGATIVE,Netflix recommendation algorithm keeps showing me stuff I have already watched,
mock_reddit_0228,reddit,NEGATIVE,0.997,overall,NEUTRAL,Netflix live events are getting better but the stream quality needs work,
mock_reddit_0240,reddit,NEGATIVE,0.997,overall,NEUTRAL,Netflix live events are getting better but the stream quality needs work,
mock_reddit_0254,reddit,NEGATIVE,0.993,support,NEGATIVE,"Netflix customer support took 4 days to respond to a billing issue, very frustrating",
mock_reddit_0139,reddit,NEGATIVE,0.994,ux,NEGATIVE,Netflix subtitles are often wrong or poorly timed on international content,
mock_reddit_0234,reddit,NEGATIVE,0.998,overall,NEGATIVE,Netflix password sharing crackdown is pushing me toward other services,
mock_reddit_0272,reddit,NEGATIVE,0.997,overall,NEUTRAL,Netflix live events are getting better but the stream quality needs work,
mock_reddit_0026,reddit,NEGATIVE,0.998,overall,NEGATIVE,Netflix password sharing crackdown is pushing me toward other services,
mock_reddit_0253,reddit,NEGATIVE,0.994,ux,NEGATIVE,Netflix subtitles are often wrong or poorly timed on international content,
mock_reddit_0259,reddit,NEGATIVE,0.994,price,NEGATIVE,Netflix raising prices while cancelling good shows is really frustrating,
mock_reddit_0293,reddit,NEGATIVE,0.993,price,NEGATIVE,"Netflix customer support took 4 days to respond to a billing issue, very frustrating",
mock_reddit_0123,reddit,NEGATIVE,0.999,overall,NEGATIVE,Netflix cancelled another show after 2 seasons right on a cliffhanger,
mock_reddit_0244,reddit,NEGATIVE,0.994,price,NEGATIVE,Netflix raising prices while cancelling good shows is really frustrating,
mock_reddit_0040,reddit,NEGATIVE,0.994,price,NEGATIVE,Netflix raising prices while cancelling good shows is really frustrating,
mock_reddit_0141,reddit,NEGATIVE,0.998,overall,NEGATIVE,Netflix password sharing crackdown is pushing me toward other services,
mock_reddit_0343,reddit,NEGATIVE,0.999,overall,NEGATIVE,Netflix cancelled another show after 2 seasons right on a cliffhanger,
mock_reddit_0396,reddit,NEGATIVE,0.997,overall,NEGATIVE,Netflix live events are getting better but the stream quality needs work,
mock_reddit_0341,reddit,NEGATIVE,0.994,price,NEUTRAL,Netflix raising prices while cancelling good shows is really frustrating,
mock_reddit_0384,reddit,NEGATIVE,0.99,ux,NEGATIVE,Still no fix for the Netflix audio sync issue on older smart TVs,
mock_reddit_0011,reddit,NEGATIVE,0.991,overall,NEGATIVE,Netflix recommendation algorithm keeps showing me stuff I have already watched,
mock_reddit_0217,reddit,NEGATIVE,0.935,overall,NEGATIVE,Netflix is the only streaming service I cannot bring myself to cancel,
mock_reddit_0082,reddit,NEGATIVE,0.991,overall,POSITIVE,Netflix recommendation algorithm keeps showing me stuff I have already watched,
mock_reddit_0225,reddit,NEGATIVE,0.99,ux,NEGATIVE,Still no fix for the Netflix audio sync issue on older smart TVs,
mock_reddit_0216,reddit,NEGATIVE,0.994,ux,NEGATIVE,Netflix subtitles are often wrong or poorly timed on international content,
mock_reddit_0051,reddit,NEGATIVE,0.93,ux,NEGATIVE,The Netflix UI redesign makes it so much harder to find what I want to watch,
mock_reddit_0260,reddit,NEGATIVE,0.994,price,NEGATIVE,Netflix raising prices while cancelling good shows is really frustrating,
mock_reddit_0041,reddit,NEGATIVE,0.99,ux,NEGATIVE,Still no fix for the Netflix audio sync issue on older smart TVs,
mock_reddit_0271,reddit,NEGATIVE,0.935,overall,POSITIVE,Netflix is the only streaming service I cannot bring myself to cancel,
mock_reddit_0324,reddit,NEGATIVE,0.99,ux,NEGATIVE,Still no fix for the Netflix audio sync issue on older smart TVs,
mock_reddit_0127,reddit,NEGATIVE,0.93,ux,NEGATIVE,The Netflix UI redesign makes it so much harder to find what I want to watch,
mock_reddit_0399,reddit,NEGATIVE,0.994,ux,NEGATIVE,Netflix subtitles are often wrong or poorly timed on international content,
mock_reddit_0135,reddit,NEGATIVE,0.991,overall,NEGATIVE,Netflix recommendation algorithm keeps showing me stuff I have already watched,
mock_reddit_0168,reddit,NEGATIVE,0.918,quality,NEGATIVE,Netflix 4K streaming quality has degraded noticeably on my TV lately,
mock_reddit_0182,reddit,NEGATIVE,0.99,ux,NEGATIVE,Still no fix for the Netflix audio sync issue on older smart TVs,
mock_reddit_0194,reddit,NEGATIVE,0.998,overall,NEGATIVE,Netflix password sharing crackdown is pushing me toward other services,
mock_reddit_0231,reddit,NEGATIVE,0.998,overall,NEGATIVE,Netflix password sharing crackdown is pushing me toward other services,
mock_reddit_0128,reddit,NEGATIVE,0.93,ux,NEGATIVE,The Netflix UI redesign makes it so much harder to find what I want to watch,
mock_reddit_0093,reddit,NEGATIVE,0.918,quality,NEGATIVE,Netflix 4K streaming quality has degraded noticeably on my TV lately,
mock_reddit_0068,reddit,NEGATIVE,0.93,ux,NEGATIVE,The Netflix UI redesign makes it so much harder to find what I want to watch,
mock_reddit_0052,reddit,NEGATIVE,0.993,price,NEGATIVE,"Netflix customer support took 4 days to respond to a billing issue, very frustrating",
mock_reddit_0352,reddit,NEGATIVE,0.999,overall,NEGATIVE,Netflix cancelled another show after 2 seasons right on a cliffhanger,
mock_reddit_0266,reddit,NEGATIVE,0.93,ux,NEGATIVE,The Netflix UI redesign makes it so much harder to find what I want to watch,
mock_reddit_0172,reddit,NEGATIVE,0.994,price,NEGATIVE,Netflix raising prices while cancelling good shows is really frustrating,
mock_reddit_0076,reddit,NEUTRAL,0.651,overall,POSITIVE,Just finished a Netflix series in one sitting - best thing they have made in years,
mock_reddit_0165,reddit,NEUTRAL,0.651,overall,POSITIVE,Just finished a Netflix series in one sitting - best thing they have made in years,
mock_reddit_0050,reddit,NEUTRAL,0.651,overall,POSITIVE,Just finished a Netflix series in one sitting - best thing they have made in years,
mock_reddit_0392,reddit,NEUTRAL,0.651,overall,POSITIVE,Just finished a Netflix series in one sitting - best thing they have made in years,
mock_reddit_0008,reddit,NEUTRAL,0.651,overall,POSITIVE,Just finished a Netflix series in one sitting - best thing they have made in years,
mock_reddit_0039,reddit,POSITIVE,0.917,overall,NEGATIVE,"Netflix price increase again - third time in two years, is it still worth it?",
mock_reddit_0028,reddit,POSITIVE,0.97,overall,POSITIVE,New Netflix download feature is actually really useful for travel,
mock_reddit_0107,reddit,POSITIVE,1.0,overall,POSITIVE,Best Netflix originals of 2026 ranked - some real gems this quarter,
mock_reddit_0246,reddit,POSITIVE,0.975,ux,POSITIVE,The new Netflix interface on mobile is actually a huge improvement,
mock_reddit_0311,reddit,POSITIVE,0.998,quality,POSITIVE,Has anyone watched the new Netflix documentary? Absolutely incredible production quality,
mock_reddit_0345,reddit,POSITIVE,0.97,overall,POSITIVE,New Netflix download feature is actually really useful for travel,
mock_reddit_0337,reddit,POSITIVE,0.998,quality,POSITIVE,Has anyone watched the new Netflix documentary? Absolutely incredible production quality,
mock_reddit_0326,reddit,POSITIVE,0.965,quality,POSITIVE,Netflix original movies have really improved in quality recently,
mock_reddit_0105,reddit,POSITIVE,0.97,overall,POSITIVE,New Netflix download feature is actually really useful for travel,
mock_reddit_0108,reddit,POSITIVE,0.917,overall,NEGATIVE,"Netflix price increase again - third time in two years, is it still worth it?",
mock_reddit_0024,reddit,POSITIVE,0.988,overall,NEGATIVE,Surprised by how good this Netflix hidden gem is - algorithm never showed it to me,
mock_reddit_0317,reddit,POSITIVE,1.0,overall,POSITIVE,Best Netflix originals of 2026 ranked - some real gems this quarter,
mock_reddit_0247,reddit,POSITIVE,0.988,overall,NEGATIVE,Surprised by how good this Netflix hidden gem is - algorithm never showed it to me,
mock_reddit_0316,reddit,POSITIVE,0.998,quality,POSITIVE,Has anyone watched the new Netflix documentary? Absolutely incredible production quality,
mock_reddit_0177,reddit,POSITIVE,0.965,quality,POSITIVE,Netflix original movies have really improved in quality recently,
mock_reddit_0022,reddit,POSITIVE,0.998,quality,POSITIVE,Has anyone watched the new Netflix documentary? Absolutely incredible production quality,
mock_reddit_0169,reddit,POSITIVE,1.0,overall,POSITIVE,The Netflix kids section is excellent - my children love it,
mock_reddit_0358,reddit,POSITIVE,0.975,ux,POSITIVE,The new Netflix interface on mobile is actually a huge improvement,
mock_reddit_0219,reddit,POSITIVE,1.0,overall,POSITIVE,Best Netflix originals of 2026 ranked - some real gems this quarter,
mock_reddit_0083,reddit,POSITIVE,0.998,quality,POSITIVE,Has anyone watched the new Netflix documentary? Absolutely incredible production quality,
mock_reddit_0387,reddit,POSITIVE,0.917,overall,NEGATIVE,"Netflix price increase again - third time in two years, is it still worth it?",
mock_reddit_0263,reddit,POSITIVE,1.0,overall,POSITIVE,The Netflix kids section is excellent - my children love it,
mock_reddit_0110,reddit,POSITIVE,0.988,overall,POSITIVE,Surprised by how good this Netflix hidden gem is - algorithm never showed it to me,
mock_reddit_0144,reddit,POSITIVE,0.998,quality,POSITIVE,Has anyone watched the new Netflix documentary? Absolutely incredible production quality,
mock_reddit_0035,reddit,POSITIVE,1.0,overall,POSITIVE,The Netflix kids section is excellent - my children love it,
mock_reddit_0208,reddit,POSITIVE,0.917,overall,NEGATIVE,"Netflix price increase again - third time in two years, is it still worth it?",
mock_reddit_0302,reddit,POSITIVE,1.0,overall,POSITIVE,The Netflix kids section is excellent - my children love it,
mock_reddit_0385,reddit,POSITIVE,0.975,ux,POSITIVE,The new Netflix interface on mobile is actually a huge improvement,